{
  "ratios": {
    "0.05": {
      "mean_ttft": 0.06433640321095785,
      "mean_f1": 0.24261957918017937
    },
    "0.1": {
      "mean_ttft": 0.09311471780141195,
      "mean_f1": 0.2838848124288612
    },
    "0.16": {
      "mean_ttft": 0.12288201173146565,
      "mean_f1": 0.28179234967105127
    },
    "0.25": {
      "mean_ttft": 0.16563159465789795,
      "mean_f1": 0.26642144379174293
    },
    "0.4": {
      "mean_ttft": 0.24160468260447185,
      "mean_f1": 0.26955690724565273
    },
    "0.6": {
      "mean_ttft": 0.3350749937693278,
      "mean_f1": 0.2906326822885445
    },
    "1.0": {
      "mean_ttft": 0.5097479820251465,
      "mean_f1": 0.28120113277825765
    }
  },
  "full_prefill": {
    "mean_ttft": 0.5001250569025676,
    "mean_f1": 0.28120113277825765
  }
}